WORD,MEAN ATTRIBUTION SCORE,ATTRIBUTION SCORES,#OCCURANCES
it’s,inf,"[0.5025660488754511, 0.5439183562994003, 0.31627893075346947, 0.06341314502060413, inf]",5
"lyrics<0x0a><0x0a>""shirt",0.3310738783329725,[0.3310738783329725],1
ghastly,0.27591531351208687,[0.27591531351208687],1
carter,0.2592928037047386,[0.2592928037047386],1
secret-diary-of-an-fa,0.24790555331856012,[0.24790555331856012],1
sumn'<0x0a><0x0a>ho,0.2405271679162979,[0.2405271679162979],1
e-40”,0.23340594954788685,[0.23340594954788685],1
2011,0.23010888881981373,[0.23010888881981373],1
it,0.22248932532966137,[0.22248932532966137],1
quotable,0.22054781764745712,[0.22054781764745712],1
2,0.2197416815906763,"[0.2297046259045601, 0.20977873727679253]",2
#martinshkreli,0.1960849855095148,[0.1960849855095148],1
versace<0x0a><0x0a>bitch,0.189705278724432,[0.189705278724432],1
you’ve,0.1887737512588501,"[0.0832790955901146, 0.2942684069275856]",2
compton/i'm,0.1872913744300604,[0.1872913744300604],1
pigs,0.18120406940579414,[0.18120406940579414],1
steverson-horse-and-phone,0.17979032918810844,[0.17979032918810844],1
you’re,0.17913778157283863,"[0.4074448272585869, 0.14343899115920067, 0.1760117281228304, 0.08815226703882217, 0.09808795899152756, 0.16169091686606407]",6
driver,0.16566895507276058,[0.16566895507276058],1
i’d,0.16561152475575605,"[0.09856414049863815, 0.2026458941400051, 0.19562453962862492]",3
chaplinsky,0.15686431899666786,[0.15686431899666786],1
nigga/i'll,0.15269834641367197,[0.15269834641367197],1
**<0x0a><0x0a>damn,0.148430448025465,[0.148430448025465],1
basically,0.13945245742797852,[0.13945245742797852],1
jesus,0.13750211149454117,[0.13750211149454117],1
salsa,0.13712512515485287,[0.13712512515485287],1
however,0.1343003213405609,[0.1343003213405609],1
motherfuckers,0.1287831924855709,[0.1287831924855709],1
me<0x0a><0x0a>bitch,0.12489984184503555,[0.12489984184503555],1
hackneywhacko,0.12408510223031044,[0.12408510223031044],1
there’s,0.12303667329251766,[0.12303667329251766],1
i’m,0.12240866737233268,"[0.07073189504444599, 0.15146015956997871, 0.1939452923834324, 0.05941803753376007, 0.18592822924256325, 0.08647170662879944, 0.1085662804543972, 0.12147730961441994, 0.12367909587919712]",9
president-elect,0.12138712964951992,[0.12138712964951992],1
leaker,0.12122313492000103,[0.12122313492000103],1
profanities,0.12045759335160255,[0.12045759335160255],1
shit-eating,0.11988173611462116,[0.11988173611462116],1
pretentiousfuckwads,0.11985812056809664,[0.11985812056809664],1
legislation,0.11912593618035316,[0.11912593618035316],1
acronym,0.11809096485376358,[0.11809096485376358],1
foaming-mouth,0.11710591614246368,[0.11710591614246368],1
momma,0.1162512805312872,[0.1162512805312872],1
albuquerque,0.11564238928258419,[0.11564238928258419],1
amazingly,0.11423778161406517,[0.11423778161406517],1
anti-trump,0.11315502319484949,[0.11315502319484949],1
assed,0.11239336244761944,[0.11239336244761944],1
breaker,0.11201198771595955,[0.11201198771595955],1
noels,0.11036336049437523,[0.11036336049437523],1
"21,000",0.1100173369050026,[0.1100173369050026],1
yes,0.10966491606086493,"[0.07093472592532635, 0.1483951061964035]",2
don’t,0.1091539915651083,"[0.07708042487502098, 0.11437752842903137, 0.12051329389214516, 0.11948182806372643, 0.11928300559520721, 0.031005454249680042, 0.19522924162447453, 0.09626115579158068]",8
oh,0.10910736862570047,"[0.07931986264884472, 0.13889487460255623]",2
disgusting,0.10879206657409668,[0.10879206657409668],1
partynextdoor,0.10839193593710661,[0.10839193593710661],1
f**king,0.10765510029159486,"[0.19325276464223862, 0.02205743594095111]",2
boy,0.1053913589566946,[0.1053913589566946],1
scissors,0.10496620088815689,[0.10496620088815689],1
dirty-talk,0.103414760902524,[0.103414760902524],1
what’s,0.10125404223799706,[0.10125404223799706],1
ex-muslims,0.09890489187091589,[0.09890489187091589],1
someone’s,0.0977124385535717,[0.0977124385535717],1
fluke,0.09625584073364735,[0.09625584073364735],1
olbermann,0.09597230143845081,[0.09597230143845081],1
later,0.09558853879570961,[0.09558853879570961],1
you're,0.09490231548746426,"[0.09554722718894482, 0.02998373843729496, 0.15917598083615303]",3
u/spez,0.09441443718969822,[0.09441443718969822],1
it,0.0943168975556126,"[0.023903703317046165, 0.016556542366743088, 0.014151936396956444, 0.03907378762960434, 0.009057063609361649, 0.03527152817696333, 0.023433566093444824, 0.5605074763298035, 0.026324789971113205, 0.049416450783610344, 0.010144596919417381, 0.40101322531700134, 0.01726500131189823]",13
donald,0.09408175200223923,[0.09408175200223923],1
guy’s,0.09396441606804729,"[0.14520235173404217, 0.0427264804020524]",2
"idiot!,”",0.09376754239201546,[0.09376754239201546],1
3.13,0.09282071981579065,[0.09282071981579065],1
constitution,0.09274948760867119,[0.09274948760867119],1
lash,0.08812136203050613,[0.08812136203050613],1
500,0.08807564899325371,[0.08807564899325371],1
good.from,0.08782720100134611,[0.08782720100134611],1
flatten,0.08747249841690063,[0.08747249841690063],1
yeah,0.08738105806211631,"[0.09029434621334076, 0.07866241224110126, 0.09318641573190689]",3
couldn’t,0.08693904429674149,[0.08693904429674149],1
gsomers,0.08647112734615803,[0.08647112734615803],1
won’t,0.0841626925393939,"[0.1385805681347847, 0.029744816944003105]",2
sponsors,0.08405763655900955,[0.08405763655900955],1
"bag,”",0.0839257650077343,[0.0839257650077343],1
abolition,0.08390235900878906,[0.08390235900878906],1
soon-to-be-former,0.08296093065291643,[0.08296093065291643],1
retort,0.08257769793272018,[0.08257769793272018],1
yourselves,0.0820196382701397,[0.0820196382701397],1
"faggot,”",0.08187980856746435,[0.08187980856746435],1
doesn’t,0.08166425954550505,"[0.07036308385431767, 0.09296543523669243]",2
moment,0.08083264715969563,[0.08083264715969563],1
50s,0.08055469021201134,[0.08055469021201134],1
rednecked,0.08015155978500843,[0.08015155978500843],1
then,0.07965285292205711,"[0.018672291189432144, 0.012775145005434752, 0.009548068046569824, 0.013360908254981041, 0.3879646956920624, 0.035596009343862534]",6
can’t,0.07912272959947586,[0.07912272959947586],1
he’s,0.07856285199522972,"[0.06350232660770416, 0.09362337738275528]",2
rawdownloadcloneembedreportprint,0.07766367122530937,[0.07766367122530937],1
milf,0.07763354480266571,[0.07763354480266571],1
taxi,0.07745597139000893,[0.07745597139000893],1
concedes,0.0773833878338337,[0.0773833878338337],1
gangster,0.07705696113407612,[0.07705696113407612],1
messed,0.07690127193927765,[0.07690127193927765],1
yet,0.07617048732936382,[0.07617048732936382],1
man(boy,0.07420418690890074,[0.07420418690890074],1
fucktard,0.07398242317140102,[0.07398242317140102],1
f**k,0.07327740080654621,"[0.09915728121995926, 0.03348743263632059, 0.0721331899985671, 0.08833169937133789]",4
takei,0.07296073064208031,[0.07296073064208031],1
i'm,0.07232415652833879,"[0.026100711431354284, 0.1185476016253233]",2
antisemite,0.07204050291329622,[0.07204050291329622],1
loser,0.07201026752591133,[0.07201026752591133],1
he’d,0.07189417351037264,[0.07189417351037264],1
fuckin’,0.07085729204118252,[0.07085729204118252],1
howard’s,0.07027333229780197,[0.07027333229780197],1
continued,0.06969160338242848,"[0.051941633224487305, 0.054157815873622894, 0.10297536104917526]",3
revelation,0.06884650886058807,[0.06884650886058807],1
shawn,0.06842224672436714,[0.06842224672436714],1
weird,0.06785925198346376,[0.06785925198346376],1
know-nothing,0.06767620705068111,[0.06767620705068111],1
she’s,0.06708707101643085,[0.06708707101643085],1
album’s,0.06688678544014692,[0.06688678544014692],1
for,0.06667361095046195,"[0.09209048748016357, 0.07402940094470978, 0.09362561255693436, 0.016024136915802956, 0.11178480088710785, 0.025310326367616653, 0.014309714548289776, 0.0030084189493209124, 0.012129316106438637, 0.011791776865720749, 0.009257201105356216, 0.09611112624406815, 0.3072846233844757]",13
buzreba,0.06663105171173811,[0.06663105171173811],1
mean,0.06639580149203539,"[0.011906998232007027, 0.12088460475206375]",2
divas,0.06592436973005533,[0.06592436973005533],1
i’ve,0.06584685761481524,[0.06584685761481524],1
sissy,0.06538140401244164,[0.06538140401244164],1
seriously,0.06520782597362995,[0.06520782597362995],1
shitkickin’,0.06510876212269068,[0.06510876212269068],1
alright,0.06435146555304527,[0.06435146555304527],1
comments,0.06361692864447832,"[0.06318607926368713, 0.06404777802526951]",2
hot,0.06312462966889143,"[0.11209327355027199, 0.014155985787510872]",2
dads,0.06292199902236462,[0.06292199902236462],1
no,0.06254415400326252,"[0.01142868958413601, 0.15549897029995918, 0.03616543300449848, 0.047083523124456406]",4
adj,0.06188758462667465,[0.06188758462667465],1
warning,0.061800230760127306,"[0.08261408284306526, 0.04098637867718935]",2
f***ing,0.061568329110741615,[0.061568329110741615],1
assbuster,0.0607555266469717,[0.0607555266469717],1
el-p,0.06057061068713665,[0.06057061068713665],1
entitled,0.060562158934772015,[0.060562158934772015],1
yo,0.06046439427882433,"[0.06382526271045208, 0.05710352584719658]",2
motherf**kers,0.06011625844985247,[0.06011625844985247],1
admirer,0.05996858607977629,[0.05996858607977629],1
horny,0.059100392584999405,"[0.06637818738818169, 0.07716065086424351, 0.03376233950257301]",3
didn’t,0.058828442357480526,[0.058828442357480526],1
philippines,0.05878102965652943,[0.05878102965652943],1
vandals,0.05875968746840954,[0.05875968746840954],1
travis,0.058534108102321625,[0.058534108102321625],1
both,0.058233678340911865,[0.058233678340911865],1
hawk,0.05794945638626814,[0.05794945638626814],1
here,0.05770143144764006,"[0.037913303822278976, 0.1211797297000885, 0.05719818826764822, 0.014514504000544548]",4
yells,0.057627350091934204,[0.057627350091934204],1
teenagers,0.05701220594346523,[0.05701220594346523],1
cums,0.05670886114239693,[0.05670886114239693],1
normand,0.05648701265454292,[0.05648701265454292],1
narcissistic,0.056020007468760014,[0.056020007468760014],1
nigga/we,0.05567884910851717,[0.05567884910851717],1
clip,0.05566060449928045,[0.05566060449928045],1
s**t,0.05495888041332364,"[0.03923614043742418, 0.0706816203892231]",2
gross,0.05465487763285637,[0.05465487763285637],1
hook,0.05454128235578537,[0.05454128235578537],1
simple,0.054243870079517365,[0.054243870079517365],1
weren't,0.05417993664741516,[0.05417993664741516],1
em,0.053246068147321544,"[0.07567219994962215, 0.04608204308897257, 0.037983961403369904]",3
bullshit,0.05227623414248228,"[0.06826535426080227, 0.03628711402416229]",2
i'll,0.05199766345322132,[0.05199766345322132],1
forcibely,0.051774393767118454,[0.051774393767118454],1
you,0.050769913010299206,[0.050769913010299206],1
lmfao,0.05007217265665531,[0.05007217265665531],1
interfere,0.04991413652896881,[0.04991413652896881],1
wakes,0.04980894550681114,[0.04980894550681114],1
self-absorbed,0.049753536470234394,[0.049753536470234394],1
wrote,0.049724504351615906,[0.049724504351615906],1
fag,0.04926294833421707,[0.04926294833421707],1
labeouf,0.04916577786207199,[0.04916577786207199],1
martin,0.04910619929432869,[0.04910619929432869],1
whore,0.048817798495292664,[0.048817798495292664],1
rubbing,0.04878135584294796,[0.04878135584294796],1
proceeds,0.048594994470477104,[0.048594994470477104],1
referred,0.0484064519405365,[0.0484064519405365],1
worse,0.04817529208958149,[0.04817529208958149],1
dildo,0.0480314027518034,[0.0480314027518034],1
f*ck,0.04782584654167295,"[0.03345467895269394, 0.0337074245326221, 0.034518588334321976, 0.049201919697225094, 0.08824662119150162]",5
"slut,”",0.046915861777961254,[0.046915861777961254],1
>if,0.046898551285266876,[0.046898551285266876],1
bullied,0.04659955250099301,"[0.04392774309962988, 0.04927136190235615]",2
assholes,0.045765181072056293,[0.045765181072056293],1
"nigga,”",0.04564413242042065,[0.04564413242042065],1
realdonaldtrump,0.04560574796050787,[0.04560574796050787],1
never-served,0.0454934686422348,[0.0454934686422348],1
shoot,0.0452282540500164,[0.0452282540500164],1
despite,0.0452154166996479,[0.0452154166996479],1
c,0.04486041143536568,[0.04486041143536568],1
nerds,0.044676532968878746,[0.044676532968878746],1
pants,0.04465356236323714,"[0.00754148792475462, 0.08176563680171967]",2
variations,0.044359929859638214,[0.044359929859638214],1
handcuffed,0.044242250733077526,[0.044242250733077526],1
to,0.04419956201544175,"[0.014057567343115807, 0.04985685274004936, 0.05679988116025925, 0.05356317758560181, 0.04941520839929581, 0.008896367624402046, 0.07349031418561935, 0.03364972770214081, 0.05377776175737381, 0.04100724309682846, 0.06381850689649582, 0.03797152265906334, 0.036553606390953064, 0.061086852103471756, 0.011670112609863281, 0.041345227509737015, 0.033046264201402664, 0.026488423347473145, 0.019908953458070755, 0.015758343040943146, 0.03288523852825165, 0.12117846310138702, 0.020754894241690636, 0.0897570550441742, 0.01773861050605774, 0.08967819809913635, 0.0326695516705513, 0.031579792499542236, 0.04026994854211807, 0.016428206115961075, 0.04690707474946976, 0.017452558502554893, 0.052148133516311646, 0.03698700666427612, 0.08941704779863358, 0.030757304280996323, 0.018274327740073204, 0.043387897312641144, 0.013567646965384483, 0.055004723370075226, 0.07057984173297882, 0.043362196534872055, 0.06211426854133606, 0.028033440932631493, 0.05727606266736984, 0.08244430273771286, 0.06451507657766342, 0.09772559255361557, 0.019214866682887077, 0.01877513900399208, 0.013696620240807533, 0.016701674088835716, 0.027646612375974655, 0.07581636309623718, 0.017129631713032722, 0.019671915099024773, 0.05912471562623978, 0.0839633196592331, 0.009862693026661873, 0.05744088441133499, 0.055170971900224686, 0.06272943317890167, 0.08912025392055511, 0.014472024515271187, 0.04737803712487221]",65
plain,0.04419929813593626,"[0.008052781224250793, 0.08034581504762173]",2
officer,0.04394677886739373,[0.04394677886739373],1
suck”,0.043406423181295395,[0.043406423181295395],1
eclipses,0.04338047094643116,[0.04338047094643116],1
squirts,0.043368903920054436,[0.043368903920054436],1
bunch,0.04333650693297386,[0.04333650693297386],1
admins,0.04314328171312809,[0.04314328171312809],1
hoes,0.04258325137197971,[0.04258325137197971],1
bury,0.042414089664816856,[0.042414089664816856],1
gamers,0.042288060300052166,[0.042288060300052166],1
that,0.042271738265489425,"[0.0876477062702179, 0.03868071362376213, 0.024534638971090317, 0.09348316490650177, 0.05173493176698685, 0.012872601859271526, 0.037128105759620667, 0.01952482759952545, 0.008851811289787292, 0.047683510929346085, 0.03584184870123863, 0.056688614189624786, 0.023347098380327225, 0.06381687521934509, 0.04695133492350578, 0.045659247785806656, 0.0089335385710001, 0.007093076594173908, 0.026121128350496292, 0.02434362843632698, 0.01595451310276985, 0.03987305983901024, 0.02339953277260065, 0.04502236098051071, 0.06074751168489456, 0.01516405027359724, 0.06915770471096039, 0.041404031217098236, 0.02180672250688076, 0.08373894542455673, 0.010476777330040932, 0.05311628058552742, 0.014896228909492493, 0.02524174377322197, 0.08445944637060165, 0.15841254591941833, 0.08532385528087616, 0.03195482864975929, 0.009556859731674194, 0.020865995436906815, 0.03259246423840523, 0.07102452218532562, 0.042556360363960266]",43
unzipped,0.0422191321849823,[0.0422191321849823],1
kinky,0.04196776356548071,[0.04196776356548071],1
began,0.04195959912613034,"[0.022120341658592224, 0.028613943606615067, 0.09971594624221325, 0.01738816499710083]",4
lil,0.041743580251932144,[0.041743580251932144],1
know,0.0415906250210745,"[0.023059267550706863, 0.01831747218966484, 0.025076881051063538, 0.13743111491203308, 0.0632442981004715, 0.01700267195701599, 0.007002669386565685]",7
"bitch,”",0.04149742051959038,[0.04149742051959038],1
"goddammit,”",0.04145468957722187,[0.04145468957722187],1
childish,0.04142805561423302,[0.04142805561423302],1
f—ing,0.041397047229111195,[0.041397047229111195],1
can't,0.04109613783657551,[0.04109613783657551],1
duterte,0.040991262532770634,[0.040991262532770634],1
saying,0.040901608066633344,"[0.042749958112835884, 0.0730966255068779, 0.0176454596221447, 0.030114389024674892]",4
cunning,0.040873726829886436,[0.040873726829886436],1
cunt,0.04058487853035331,"[0.07714306563138962, 0.018894415348768234, 0.02571715461090207]",3
cruiser,0.04055610205978155,[0.04055610205978155],1
pussy,0.04033140279352665,[0.04033140279352665],1
with,0.040222875168547036,"[0.020495418459177017, 0.06710875034332275, 0.01916862279176712, 0.028417030349373817, 0.0746179148554802, 0.025621384382247925, 0.035066694021224976, 0.06448154151439667, 0.04272686690092087, 0.030904656276106834, 0.008830535225570202, 0.12634441256523132, 0.026474814862012863, 0.01872221939265728, 0.021276479586958885, 0.025957297533750534, 0.049421276897192, 0.017689840868115425, 0.02320411242544651, 0.07792763411998749]",20
brunette,0.04020417761057615,[0.04020417761057615],1
coconut,0.04001269303262234,[0.04001269303262234],1
hateful,0.039945656433701515,[0.039945656433701515],1
batty,0.03972839564085007,[0.03972839564085007],1
you…,0.03971761278808117,[0.03971761278808117],1
backwoods,0.039393396116793156,[0.039393396116793156],1
cocksucker,0.03939052205532789,"[0.039698944427073, 0.03908209968358278]",2
user,0.03935597464442253,[0.03935597464442253],1
hell,0.039150347001850605,[0.039150347001850605],1
lyrics,0.03883092850446701,[0.03883092850446701],1
inquiring,0.03873124998062849,[0.03873124998062849],1
smack,0.03857082687318325,[0.03857082687318325],1
misogyny,0.038449935615062714,[0.038449935615062714],1
sand,0.03838804643601179,[0.03838804643601179],1
size,0.03838105872273445,[0.03838105872273445],1
nigga”,0.038286841940134764,[0.038286841940134764],1
dicksif,0.037966434843838215,[0.037966434843838215],1
blunt,0.037326911464333534,[0.037326911464333534],1
shit,0.03730978183448315,"[0.16790688410401344, 0.0383605882525444, 0.010304659605026245, 0.012759186327457428, 0.022028401494026184, 0.013959137722849846, 0.010205214843153954, 0.06800166890025139, 0.011282660998404026, 0.04117027297616005, 0.026552640832960606, 0.02971966192126274, 0.05474940687417984, 0.038932458497583866, 0.01371388416737318]",15
masturbate,0.03716005780734122,"[0.0437673581764102, 0.030552757438272238]",2
insult,0.03704026713967323,[0.03704026713967323],1
protester,0.03689067251980305,[0.03689067251980305],1
bootyou'd,0.03686574101448059,[0.03686574101448059],1
"prostitute,”",0.036551778204739094,[0.036551778204739094],1
noah,0.03650124371051788,[0.03650124371051788],1
biggest,0.03643113716195027,"[0.07555953413248062, 0.02456408180296421, 0.00916979555040598]",3
first,0.036350420443341136,"[0.04442492499947548, 0.016941361129283905, 0.07072212919592857, 0.013313266448676586]",4
dipshit,0.03624091483652592,[0.03624091483652592],1
ayo,0.036232114769518375,[0.036232114769518375],1
hook”,0.036102525889873505,[0.036102525889873505],1
innocence,0.036043427884578705,[0.036043427884578705],1
pussies,0.035819198936223984,[0.035819198936223984],1
ain't,0.03575976379215717,[0.03575976379215717],1
"hipsters,”",0.0355962049216032,[0.0355962049216032],1
filipino,0.035508619621396065,[0.035508619621396065],1
die,0.03532988205552101,[0.03532988205552101],1
sometimes,0.03516250103712082,[0.03516250103712082],1
crook,0.03502059727907181,[0.03502059727907181],1
don't,0.03500645630992949,"[0.045965367928147316, 0.024047544691711664]",2
emeritus,0.034962987527251244,[0.034962987527251244],1
caller,0.03496057540178299,[0.03496057540178299],1
shit-ton,0.03492514602839947,[0.03492514602839947],1
make,0.0349177485331893,"[0.015409464947879314, 0.015405898913741112, 0.07393788173794746]",3
dogs,0.03482912853360176,[0.03482912853360176],1
faggot,0.034692530520260334,"[0.03035533893853426, 0.03902972210198641]",2
pimp,0.03452158160507679,[0.03452158160507679],1
ball,0.03437840472906828,"[0.05922500044107437, 0.009531809017062187]",2
nationality,0.03436883166432381,[0.03436883166432381],1
large,0.03388821240514517,"[0.05323856323957443, 0.014537861570715904]",2
niggas,0.03387251193635166,"[0.04414723254740238, 0.023597791325300932]",2
replied,0.03383081406354904,[0.03383081406354904],1
at,0.03382398991379887,"[0.037797123193740845, 0.028215179219841957, 0.0848897248506546, 0.004968111403286457, 0.02826998196542263, 0.03889689967036247, 0.04053712636232376, 0.0070177726447582245]",8
if,0.03370099235326052,"[0.020261231809854507, 0.01123612467199564, 0.025874193757772446, 0.0369412899017334, 0.054300714284181595, 0.04482332617044449, 0.03320969082415104, 0.023563193157315254, 0.023978855460882187, 0.026407111436128616, 0.011645940132439137, 0.0819496214389801, 0.03170021250844002, 0.055321648716926575, 0.041317880153656006, 0.014743062667548656, 0.035642772912979126]",17
of,0.03364754450740293,"[0.011437105014920235, 0.11997358500957489, 0.061905644834041595, 0.027231160551309586, 0.06374772638082504, 0.0188615545630455, 0.008309707045555115, 0.023488732054829597, 0.0427938774228096, 0.007439900189638138, 0.05131756141781807, 0.04193620756268501, 0.07019487768411636, 0.015811780467629433, 0.05376924201846123, 0.05859184265136719, 0.028048908337950706, 0.005421361420303583, 0.03671741113066673, 0.02524747885763645, 0.03944113105535507, 0.020466849207878113, 0.03224160149693489, 0.010066995397210121, 0.012663355097174644, 0.04763788729906082, 0.016408231109380722, 0.039469603449106216, 0.021486615762114525, 0.0459439717233181, 0.015644025057554245, 0.018325144425034523, 0.06450413912534714, 0.027809608727693558, 0.01669463887810707, 0.06932908296585083, 0.012589323334395885, 0.00971912033855915, 0.04056575149297714, 0.01264903973788023]",40
and,0.033631930593401194,"[0.013709272257983685, 0.03982894495129585, 0.031029144302010536, 0.02085941657423973, 0.02898590639233589, 0.0671469047665596, 0.011263844557106495, 0.05150466039776802, 0.021474715322256088, 0.020312268286943436, 0.04272108152508736, 0.02943057380616665, 0.04591863974928856, 0.008998454548418522, 0.05095360428094864, 0.0504826083779335, 0.06608377397060394, 0.03251287341117859, 0.03321303799748421, 0.028511986136436462, 0.005130943842232227, 0.04008398950099945, 0.007946374826133251, 0.03287646174430847, 0.0305558480322361, 0.038807857781648636, 0.015189987607300282, 0.049667902290821075, 0.06307560950517654, 0.0325385145843029, 0.04125340282917023, 0.0198583472520113, 0.0729769915342331, 0.0379759781062603, 0.043238017708063126, 0.02743619680404663, 0.011706413701176643, 0.018969831988215446, 0.05951591581106186, 0.007414135150611401, 0.01365286111831665, 0.03963848203420639, 0.05406797677278519, 0.020034270361065865, 0.028937852010130882, 0.0395769327878952]",46
track,0.03361289016902447,[0.03361289016902447],1
sacks,0.03360343165695667,[0.03360343165695667],1
fools,0.03360198810696602,[0.03360198810696602],1
in,0.033569995524181474,"[0.009905458427965641, 0.008037105202674866, 0.12496508657932281, 0.015384671278297901, 0.03049854002892971, 0.0487237311899662, 0.053298257291316986, 0.021988455206155777, 0.024386949837207794, 0.018449191004037857, 0.04574622958898544, 0.06743153184652328, 0.043212372809648514, 0.06099443510174751, 0.0329054519534111, 0.03867417573928833, 0.011617130599915981, 0.009902050718665123, 0.014355991967022419, 0.043299246579408646, 0.004700926132500172, 0.051962025463581085, 0.045186109840869904, 0.008342538960278034, 0.008178598247468472, 0.05432754009962082, 0.032544709742069244, 0.021160168573260307, 0.029277760535478592, 0.024493934586644173, 0.036719486117362976]",31
impulse,0.03355501499027014,[0.03355501499027014],1
despicable,0.033129104413092136,[0.033129104413092136],1
total,0.03310558944940567,[0.03310558944940567],1
listen,0.03299282677471638,[0.03299282677471638],1
holidays,0.032969988882541656,[0.032969988882541656],1
shouted,0.03293125983327627,[0.03293125983327627],1
slave,0.03264012560248375,[0.03264012560248375],1
hat,0.03261793404817581,[0.03261793404817581],1
why,0.03261524857953191,"[0.05868150852620602, 0.02910836599767208, 0.02075733244419098, 0.021913787350058556]",4
comedian,0.03249445464462042,[0.03249445464462042],1
bitches,0.03243865290035804,"[0.020430494099855423, 0.04545755684375763, 0.03142790775746107]",3
sh*t,0.03243199177086353,[0.03243199177086353],1
others,0.03213175479322672,[0.03213175479322672],1
come,0.03212112560868263,[0.03212112560868263],1
damned,0.032085634768009186,[0.032085634768009186],1
more/she,0.031980046071112156,[0.031980046071112156],1
me,0.031965154729297625,"[0.011720781214535236, 0.009068521670997143, 0.13635001704096794, 0.08356800675392151, 0.0365590825676918, 0.007100844290107489, 0.015629304572939873, 0.016459358856081963, 0.018362995237112045, 0.008901363238692284, 0.01757584884762764, 0.010235313326120377, 0.009586702100932598, 0.10050677135586739, 0.024142783135175705, 0.03949618898332119, 0.012130733579397202, 0.0419243723154068, 0.034692514687776566, 0.05000594910234213, 0.011295633390545845, 0.02493170276284218, 0.014953769743442535]",23
other,0.031944626942276955,"[0.024580106139183044, 0.039309147745370865]",2
very,0.03193754702806473,[0.03193754702806473],1
on,0.031884512933902445,"[0.023180579766631126, 0.007766696624457836, 0.019453974440693855, 0.08210909366607666, 0.007536751683801413, 0.05205054208636284, 0.02596176601946354, 0.04847433231770992, 0.027188345789909363, 0.011873616836965084, 0.07503311336040497, 0.014186011627316475, 0.08827975392341614, 0.0060368552803993225, 0.017972160130739212, 0.006038816645741463, 0.016718994826078415, 0.05921163409948349, 0.023880386725068092, 0.024736832827329636]",20
everyone,0.03183527523651719,"[0.025684296153485775, 0.03798625431954861]",2
goat,0.03177877329289913,[0.03177877329289913],1
sumn,0.031647116877138615,[0.031647116877138615],1
niggerbastard,0.03152057994157076,[0.03152057994157076],1
sorry,0.03150273207575083,"[0.01563280262053013, 0.04737266153097153]",2
pissed,0.03139782976359129,[0.03139782976359129],1
vro/that,0.03139404719695449,[0.03139404719695449],1
eventually,0.03132932633161545,[0.03132932633161545],1
after,0.031230383552610874,"[0.050534557551145554, 0.011926209554076195]",2
kitchen,0.031124870292842388,[0.031124870292842388],1
rodrigo,0.031022725626826286,[0.031022725626826286],1
fact,0.03087286278605461,[0.03087286278605461],1
tweet,0.03063370070109765,"[0.020094878040254116, 0.044443787075579166, 0.02736243698745966]",3
shirt,0.030586853623390198,[0.030586853623390198],1
instinctively,0.03052875492721796,[0.03052875492721796],1
look,0.03047955594956875,[0.03047955594956875],1
hick,0.030392425134778023,[0.030392425134778023],1
april,0.03023397922515869,[0.03023397922515869],1
downs,0.03009972907602787,[0.03009972907602787],1
rihanna,0.030069831758737564,[0.030069831758737564],1
sucking,0.030066238716244698,"[0.02567141503095627, 0.047695092856884, 0.012726489454507828, 0.03417195752263069]",4
along,0.029979031533002853,[0.029979031533002853],1
little,0.029880480468273164,"[0.023911509662866592, 0.008676256984472275, 0.014150558039546013, 0.08844143152236938, 0.01422264613211155]",5
gentrified,0.029853730462491512,[0.029853730462491512],1
poop,0.029686025343835354,[0.029686025343835354],1
coming,0.029599707573652267,[0.029599707573652267],1
sic,0.02956791315227747,[0.02956791315227747],1
rotten,0.029488581232726574,[0.029488581232726574],1
vaginas,0.02946324460208416,[0.02946324460208416],1
customers,0.02940046787261963,[0.02940046787261963],1
fuck,0.029369150734248946,"[0.035770101472735405, 0.038678355515003204, 0.027811819687485695, 0.028556425124406815, 0.13073326647281647, 0.057483015581965446, 0.022379738278687, 0.010189044289290905, 0.09555910713970661, 0.018395191058516502, 0.02428140863776207, 0.007531710900366306, 0.027279462665319443, 0.016852108761668205, 0.012516558170318604, 0.05660313367843628, 0.032863445580005646, 0.021198106929659843, 0.048724181950092316, 0.012230383232235909, 0.02209054073318839, 0.019537271931767464, 0.05105675384402275, 0.06253291666507721, 0.021203041076660156, 0.019455797970294952, 0.036342828534543514, 0.023841915652155876, 0.016905901953577995, 0.0167692881077528, 0.026483729481697083, 0.04402599483728409, 0.011382276192307472, 0.008603939786553383, 0.013997288420796394, 0.006288287695497274, 0.049995267763733864, 0.011825780384242535, 0.017971104010939598, 0.022062450647354126, 0.026845086365938187, 0.009617195464670658, 0.015792513266205788, 0.05868242122232914, 0.019595298916101456, 0.014305735006928444, 0.007502893451601267]",47
jokes,0.029270830564200878,[0.029270830564200878],1
he,0.029175616314877636,"[0.018508050590753555, 0.19889916852116585, 0.020317772403359413, 0.01864464581012726, 0.07384933810681105, 0.025492239743471146, 0.02156311832368374, 0.019630562514066696, 0.01610364206135273, 0.00872729904949665, 0.01590469665825367, 0.040390823036432266, 0.01879574917256832, 0.025759190320968628, 0.01689067855477333, 0.006195159628987312, 0.010317204520106316, 0.011891519650816917, 0.010334189049899578, 0.006244828924536705, 0.06958049722015858, 0.005615370348095894, 0.011383431032299995]",23
gonna,0.029142266139388084,[0.029142266139388084],1
received,0.028954317793250084,[0.028954317793250084],1
plan,0.02888057753443718,[0.02888057753443718],1
you,0.0288021459368368,"[0.01258465088903904, 0.01107471901923418, 0.010368055664002895, 0.010236216709017754, 0.05297861620783806, 0.005103071685880423, 0.014172765426337719, 0.012256422080099583, 0.04188958555459976, 0.028455808758735657, 0.0388933289796114, 0.030272936448454857, 0.02002043090760708, 0.010148430243134499, 0.023646961897611618, 0.014342764392495155, 0.03438649699091911, 0.06644641980528831, 0.015105010941624641, 0.01861005648970604, 0.04866790771484375, 0.08302079141139984, 0.05536188557744026, 0.020517390221357346, 0.057142339646816254, 0.026410022750496864, 0.015049492008984089, 0.07194619253277779, 0.015583144500851631, 0.04035716503858566, 0.03649965301156044, 0.014146904461085796, 0.01065168995410204, 0.009021691977977753, 0.015492896549403667, 0.009465065784752369, 0.014759945683181286, 0.016803886741399765, 0.055999865755438805, 0.011373250745236874, 0.03311243839561939, 0.03171442821621895, 0.02390725538134575, 0.025550205260515213, 0.048287685960531235, 0.035076823085546494, 0.01842980459332466, 0.0189491119235754, 0.007693324238061905, 0.013961280696094036, 0.01704089157283306, 0.05210176855325699, 0.019682157784700394, 0.05537877231836319, 0.14198487624526024, 0.05927801877260208, 0.026136156171560287, 0.014841081574559212, 0.02872544527053833, 0.009377406910061836, 0.06794716417789459, 0.018902048468589783, 0.012476288713514805, 0.02756796032190323, 0.028100022114813328, 0.026125863194465637, 0.012816408649086952, 0.02629547193646431, 0.025550296530127525, 0.01782045140862465, 0.010535083711147308, 0.01924391556531191, 0.013148617930710316, 0.047489041462540627, 0.02564944699406624]",75
movie,0.02878936566412449,[0.02878936566412449],1
call,0.028696035034954548,"[0.01576157473027706, 0.019971003755927086, 0.04318532720208168, 0.035866234451532364]",4
fuckass,0.028689801692962646,[0.028689801692962646],1
bartender,0.028685671277344227,[0.028685671277344227],1
chp,0.02867830265313387,[0.02867830265313387],1
messages,0.02866033837199211,[0.02866033837199211],1
slap,0.028635989874601364,"[0.02911398559808731, 0.028157994151115417]",2
now,0.028610211486617725,"[0.02754450961947441, 0.015826944261789322, 0.05387068912386894, 0.00943818036466837, 0.03704185411334038, 0.027939091436564922]",6
confession,0.02851096075028181,[0.02851096075028181],1
u,0.028501009036387717,"[0.02427647076547146, 0.020760448649525642, 0.08140832930803299, 0.019010836258530617, 0.030143845826387405, 0.01621687039732933, 0.007690262049436569]",7
slapping,0.028488059528172016,[0.028488059528172016],1
thunder,0.02840428240597248,[0.02840428240597248],1
do,0.02838546084240079,"[0.023852117359638214, 0.06042584031820297, 0.008841747418045998, 0.020422138273715973]",4
aspie,0.02823485154658556,[0.02823485154658556],1
equate,0.02820997405797243,[0.02820997405797243],1
head,0.028172766789793968,[0.028172766789793968],1
this,0.028117485189189512,"[0.013053623959422112, 0.019174467772245407, 0.09374568611383438, 0.010116582736372948, 0.07633246667683125, 0.03295736759901047, 0.011059435084462166, 0.006537836976349354, 0.039315611124038696, 0.008099940605461597, 0.025367777794599533, 0.012646781280636787, 0.021455738693475723, 0.016098609194159508, 0.01415227074176073, 0.04268627613782883, 0.047851745039224625, 0.015462515875697136]",18
fucking,0.028045987997971037,"[0.01662888191640377, 0.009400131180882454, 0.024674151092767715, 0.02462802641093731, 0.012243895791471004, 0.01820121333003044, 0.05723840557038784, 0.034318831749260426, 0.012250345200300217, 0.014754834584891796, 0.014828813262283802, 0.03142726421356201, 0.024853695183992386, 0.05805885698646307, 0.03018319746479392, 0.028110548853874207, 0.01893879659473896, 0.011625854298472404, 0.03938925452530384, 0.020335417240858078, 0.009468892589211464, 0.008980789221823215, 0.007908396422863007, 0.13432794623076916, 0.01583784446120262, 0.010760635137557983, 0.023262291681021452, 0.01871820166707039, 0.016085150185972452, 0.1218048445880413, 0.014905628748238087, 0.01590030826628208, 0.03514627367258072, 0.018365973606705666]",34
please,0.02796571608632803,"[0.035336676985025406, 0.020594755187630653]",2
let,0.02779155457392335,"[0.011848700232803822, 0.04373440891504288]",2
think,0.027775208776195843,"[0.057302188128232956, 0.012408776208758354, 0.013614661991596222]",3
fuckin,0.02774600312113762,"[0.026303067803382874, 0.029188938438892365]",2
they,0.027721595391631125,"[0.004448222927749157, 0.00964188203215599, 0.03529750555753708, 0.03335327282547951, 0.010810747742652893, 0.09453219547867775, 0.009060204960405827, 0.018552882596850395, 0.021215392276644707, 0.04030364751815796]",10
puked,0.027666110545396805,[0.027666110545396805],1
everytime,0.0276073245331645,[0.0276073245331645],1
vagina,0.02758685778826475,[0.02758685778826475],1
wow,0.027472805231809616,[0.027472805231809616],1
holy,0.027358705177903175,[0.027358705177903175],1
i,0.027307023984733326,"[0.02948552742600441, 0.029843788594007492, 0.008825738914310932, 0.018785739317536354, 0.020224420353770256, 0.011960414238274097, 0.03179025277495384, 0.02871682681143284, 0.010164661332964897, 0.02276140544563532, 0.008165999315679073, 0.016164958477020264, 0.020593611523509026, 0.015134461224079132, 0.04475943371653557, 0.03510658070445061, 0.015809427946805954, 0.018065428361296654, 0.03212426230311394, 0.05349079519510269, 0.019881734624505043, 0.02825983427464962, 0.014506490901112556, 0.010824982076883316, 0.010675141587853432, 0.025995608419179916, 0.007845846004784107, 0.01142386719584465, 0.030510613694787025, 0.054518211632966995, 0.048127688467502594, 0.0397673062980175, 0.030573178082704544, 0.020724650472402573, 0.04360712319612503, 0.043147824704647064, 0.013336790725588799, 0.008453681133687496, 0.02201097272336483, 0.053615033626556396, 0.01307889074087143, 0.12388510629534721, 0.042556075379252434, 0.0299990214407444, 0.015428615733981133, 0.024707335978746414, 0.015520247630774975, 0.06455463916063309, 0.028895821422338486, 0.044332973659038544, 0.01662052795290947, 0.025953024625778198, 0.019510412588715553, 0.014670075848698616, 0.01715279370546341, 0.033938415348529816, 0.017024090513586998, 0.026199009269475937]",58
want,0.0271649572532624,"[0.036516427993774414, 0.010268800891935825, 0.010893100872635841, 0.05098149925470352]",4
diary,0.027162089943885803,[0.027162089943885803],1
voting,0.027139637619256973,[0.027139637619256973],1
shows,0.027103462256491184,[0.027103462256491184],1
partner,0.02702743001282215,"[0.04256871994584799, 0.011486140079796314]",2
video,0.02701010424643755,"[0.004537579603493214, 0.044762132689356804, 0.007191833108663559, 0.06441710144281387, 0.014141874387860298]",5
go,0.02700491645373404,"[0.028381939977407455, 0.06262796372175217, 0.027250220999121666, 0.014683960005640984, 0.022959016263484955, 0.006126397754997015]",6
feet,0.026998337358236313,[0.026998337358236313],1
because,0.02699448758115371,"[0.016160184517502785, 0.007345664314925671, 0.02953389845788479, 0.03993477299809456, 0.07634502276778221, 0.02014130726456642, 0.0254022479057312, 0.029712146148085594, 0.01644955947995186, 0.013776090927422047, 0.03981124609708786, 0.009321710094809532]",12
naysayers,0.026974236126989126,[0.026974236126989126],1
every,0.02695891261100769,[0.02695891261100769],1
black,0.026920164236798882,"[0.052619460970163345, 0.03057054430246353, 0.017995478585362434, 0.006495173089206219]",4
well,0.026853403076529503,[0.026853403076529503],1
asses,0.026837940327823162,"[0.03529649041593075, 0.018379390239715576]",2
bitch,0.02682676170176516,"[0.02019478753209114, 0.007850081659853458, 0.028246983885765076, 0.010659359395503998, 0.017817197367548943, 0.017727311700582504, 0.012713884003460407, 0.011105363257229328, 0.02142025064677, 0.0925571620464325, 0.04732477944344282, 0.034303979482501745]",12
he'll,0.026811469346284866,[0.026811469346284866],1
promises,0.026766140013933182,[0.026766140013933182],1
time,0.026709019672125578,"[0.00681958207860589, 0.04976826161146164, 0.023539215326309204]",3
having,0.026591327041387558,[0.026591327041387558],1
shitheads,0.0265874732285738,[0.0265874732285738],1
motherfucking,0.02648400468751788,[0.02648400468751788],1
made,0.02645900845527649,[0.02645900845527649],1
the,0.026441018413647675,"[0.028373274952173233, 0.017692428082227707, 0.03328276053071022, 0.03436952084302902, 0.03240850940346718, 0.01602832041680813, 0.017825253307819366, 0.030823037028312683, 0.033497072756290436, 0.0316931139677763, 0.008728662505745888, 0.017242083325982094, 0.007783626671880484, 0.008655548095703125, 0.0308547280728817, 0.031747955828905106, 0.08423304557800293, 0.026236001402139664, 0.11513908952474594, 0.04827648773789406, 0.03258424997329712, 0.029850497841835022, 0.026935558766126633, 0.03175695985555649, 0.015915052965283394, 0.024286124855279922, 0.025073951110243797, 0.02649736776947975, 0.020581088960170746, 0.018928982317447662, 0.01678628847002983, 0.026152383536100388, 0.05090934783220291, 0.041254859417676926, 0.01823277398943901, 0.02808178961277008, 0.03573326766490936, 0.02252427116036415, 0.049045056104660034, 0.025063306093215942, 0.003000055206939578, 0.016813000664114952, 0.010914632119238377, 0.02620452642440796, 0.05852276086807251, 0.015704991295933723, 0.011299250647425652, 0.030861878767609596, 0.030490463599562645, 0.023048069328069687, 0.01818709447979927, 0.022585947066545486, 0.01973973587155342, 0.019588911905884743, 0.018068388104438782, 0.013912913389503956, 0.010731572285294533, 0.025250202044844627, 0.016565760597586632, 0.01858300343155861, 0.03968261182308197, 0.016991831362247467, 0.02027152106165886, 0.020287228748202324, 0.039542146027088165, 0.01627754233777523, 0.026579832658171654, 0.031692855060100555, 0.027560686692595482, 0.023747887462377548, 0.016288118436932564, 0.058696359395980835, 0.05733367055654526, 0.016990546137094498, 0.026796627789735794, 0.011396363377571106, 0.021669350564479828, 0.011874191462993622, 0.024013765156269073, 0.014767545275390148, 0.031550709158182144, 0.030571212992072105, 0.014254992827773094, 0.01958608254790306, 0.018636489287018776, 0.01714104413986206, 0.007920028641819954, 0.010412158444523811, 0.04956038296222687]",89
leading,0.026440197601914406,[0.026440197601914406],1
racist,0.026333177816527692,"[0.025058871135115623, 0.12573184818029404, 0.022265195846557617, 0.015769369900226593, 0.014878911897540092, 0.010920137166976929, 0.007353612687438726, 0.006231265142560005, 0.005103930830955505, 0.004701138008385897, 0.004338693339377642, 0.00429478008300066, 0.003947648219764233, 0.003582404227927327, 0.18893221765756607, 0.042063016444444656, 0.03417229652404785, 0.024127047508955002, 0.021314840763807297, 0.01778211072087288, 0.00806550495326519, 0.007726506795734167, 0.007301741745322943]",23
"it,”",0.026175446808338165,[0.026175446808338165],1
trump,0.026132468692958356,"[0.03999825567007065, 0.04006997495889664, 0.013970690779387951, 0.0297818249091506, 0.006841597147285938]",5
flashing,0.026022483594715595,[0.026022483594715595],1
not,0.026021503739886813,"[0.03145061060786247, 0.0517331138253212, 0.02983849309384823, 0.015104645863175392, 0.032950934022665024, 0.02770964428782463, 0.020344823598861694, 0.018239539116621017, 0.006821729242801666]",9
a,0.025809903106052582,"[0.0063078938983380795, 0.023819541558623314, 0.0206773579120636, 0.014815626665949821, 0.0479908362030983, 0.03009285032749176, 0.014390247873961926, 0.012694279663264751, 0.015232701785862446, 0.029393315315246582, 0.024475842714309692, 0.056917645037174225, 0.0447118915617466, 0.03218163177371025, 0.02062920853495598, 0.025442127138376236, 0.019230438396334648, 0.030152911320328712, 0.014395972713828087, 0.015497495420277119, 0.028444211930036545, 0.018471267074346542, 0.06638284772634506, 0.025708869099617004, 0.007579275406897068, 0.05921313911676407, 0.049117010086774826, 0.037098228931427, 0.03751678392291069, 0.03734799474477768, 0.03652363270521164, 0.027757763862609863, 0.027669649571180344, 0.03242804482579231, 0.05702875927090645, 0.0124661298468709, 0.005825326777994633, 0.010208397172391415, 0.02040400542318821, 0.028844377025961876, 0.04459797032177448, 0.024571568705141544, 0.03536619246006012, 0.011826477013528347, 0.027131233364343643, 0.01427002064883709, 0.010290777310729027, 0.06940454244613647, 0.025840824469923973, 0.01550526637583971, 0.03721020743250847, 0.031437329947948456, 0.024735242128372192, 0.008127696812152863, 0.02572629228234291, 0.019781336188316345, 0.014617378823459148, 0.008812330663204193, 0.020964326336979866, 0.021513852290809155, 0.00907869078218937, 0.0228474922478199, 0.02052038535475731, 0.06350113451480865, 0.012441384606063366, 0.031179184094071388, 0.022905748337507248, 0.01238331152126193, 0.010554243810474873, 0.017828775569796562, 0.013344122096896172, 0.008545467630028725, 0.0221765898168087]",73
uncensored,0.025800351984798908,[0.025800351984798908],1
going,0.025583351341386635,"[0.04293192923069, 0.01352786272764206, 0.013996908441185951, 0.02353777550160885, 0.024599766358733177, 0.03490586578845978]",6
shameful,0.025536454282701015,[0.025536454282701015],1
long,0.025484632700681686,[0.025484632700681686],1
than,0.025461729615926743,[0.025461729615926743],1
fool,0.025420650839805603,[0.025420650839805603],1
fed,0.025405291467905045,[0.025405291467905045],1
take,0.025384279433637857,"[0.00834735482931137, 0.027387380599975586, 0.013982968404889107, 0.051819413900375366]",4
she,0.025369021110236645,"[0.0064187138341367245, 0.006887941155582666, 0.012715687975287437, 0.03606156259775162, 0.03292547166347504, 0.010418989695608616, 0.02468889020383358, 0.02599041722714901, 0.012026827782392502, 0.042492903769016266, 0.02296704426407814, 0.010386203415691853, 0.0538984015583992, 0.016190379858016968, 0.006195991300046444, 0.06655438989400864, 0.044453542679548264]",17
so,0.025327559524717238,"[0.011165168136358261, 0.018559394404292107, 0.020563414320349693, 0.017583368346095085, 0.08662337437272072, 0.007184372749179602, 0.036635953933000565, 0.017676780000329018, 0.018466569483280182, 0.010505089536309242, 0.016662629321217537, 0.017914636060595512, 0.04971752315759659]",13
willing,0.02522442117333412,[0.02522442117333412],1
suck,0.02521278476342559,"[0.016232332214713097, 0.03446149546653032, 0.01571490801870823, 0.014564057812094688, 0.04710044153034687, 0.03387857787311077, 0.02847654651850462, 0.01127391867339611]",8
motherfucker,0.02518312237225473,"[0.018903262447565794, 0.031462982296943665]",2
weekend,0.025172337889671326,[0.025172337889671326],1
stage,0.025171369314193726,[0.025171369314193726],1
all,0.025164807331748307,"[0.011130427941679955, 0.006548655219376087, 0.08133560791611671, 0.02518041804432869, 0.016396040096879005, 0.013986319303512573, 0.027822833508253098, 0.018918156623840332]",8
woman,0.02511788171250373,"[0.006995765957981348, 0.06675262004137039, 0.009885245934128761, 0.016837894916534424]",4
old,0.025093043223023415,[0.025093043223023415],1
masturbates,0.024928266182541847,[0.024928266182541847],1
porno,0.024923162534832954,[0.024923162534832954],1
less,0.024876270443201065,[0.024876270443201065],1
judo,0.024818717502057552,[0.024818717502057552],1
shes,0.024817446246743202,[0.024817446246743202],1
but,0.0247921555613478,"[0.019459214061498642, 0.03597671538591385, 0.013496225699782372, 0.00688397791236639, 0.03651795536279678, 0.02017778344452381, 0.05458171106874943, 0.021731991320848465, 0.022997699677944183, 0.04328141361474991, 0.016433343291282654, 0.005967835895717144]",12
dickhole,0.0247654402628541,[0.0247654402628541],1
morgan,0.024645155295729637,[0.024645155295729637],1
only,0.024633655790239573,"[0.012079455889761448, 0.0371878556907177]",2
allegedly,0.0245747622102499,[0.0245747622102499],1
roaches,0.024501729756593704,[0.024501729756593704],1
smoke,0.024494433775544167,[0.024494433775544167],1
espouse,0.024373486638069153,[0.024373486638069153],1
woodwork,0.024302879348397255,[0.024302879348397255],1
big,0.024280819110572338,"[0.007840754464268684, 0.026016006246209145, 0.022590983659029007, 0.040675532072782516]",4
from,0.024197573773562908,"[0.013328979723155499, 0.02232220768928528, 0.03348280116915703, 0.03385887295007706, 0.01799500733613968]",5
pain,0.024153584614396095,"[0.012068085372447968, 0.03623908385634422]",2
rape,0.024112675338983536,[0.024112675338983536],1
regis,0.02410501427948475,[0.02410501427948475],1
deleted,0.024039776995778084,[0.024039776995778084],1
swearing,0.02401710022240877,[0.02401710022240877],1
empathy,0.024007411673665047,[0.024007411673665047],1
tightest,0.023923777043819427,[0.023923777043819427],1
complaint,0.02376161888241768,[0.02376161888241768],1
also,0.023760898038744926,"[0.01770542934536934, 0.017226442694664, 0.022932343184947968, 0.0371793769299984]",4
inserts,0.023724990896880627,[0.023724990896880627],1
rather,0.023706916719675064,[0.023706916719675064],1
damn,0.023659560031124523,"[0.08581057377159595, 0.017325034365057945, 0.01342617254704237, 0.010648202151060104, 0.012514477595686913, 0.00690580066293478, 0.0189866591244936]",7
caught,0.02361394837498665,[0.02361394837498665],1
nigger,0.023536485619843006,[0.023536485619843006],1
wanted,0.023526419885456562,"[0.035301581025123596, 0.011751258745789528]",2
numbered,0.023514478467404842,[0.023514478467404842],1
friends/i,0.023490302730351686,[0.023490302730351686],1
wang,0.02342879492789507,[0.02342879492789507],1
punter,0.02337836567312479,[0.02337836567312479],1
blatantly,0.023359188809990883,[0.023359188809990883],1
off,0.023321670945733786,"[0.008521946147084236, 0.006353330798447132, 0.022338971495628357, 0.010774205438792706, 0.07779535837471485, 0.014146213419735432]",6
nerf,0.023259338457137346,"[0.026348558254539967, 0.020170118659734726]",2
pope,0.023188265971839428,[0.023188265971839428],1
fat,0.023162036947906018,"[0.011075672693550587, 0.033387329429388046, 0.021227210760116577, 0.01687534525990486, 0.033244626596570015]",5
tha,0.023159549571573734,"[0.030286523513495922, 0.016032575629651546]",2
piled,0.02304371539503336,[0.02304371539503336],1
what,0.0229076548324277,"[0.06051953323185444, 0.009816059842705727, 0.035223789513111115, 0.015498893335461617, 0.007028879132121801, 0.01457193773239851, 0.026662975549697876, 0.01914159581065178, 0.007586920168250799, 0.028353107161819935, 0.039032962173223495, 0.011455204337835312]",12
n-word,0.022818630561232567,[0.022818630561232567],1
angry,0.022765906527638435,[0.022765906527638435],1
those,0.022740590386092663,"[0.012913716956973076, 0.03256746381521225]",2
opportunity,0.02269999496638775,[0.02269999496638775],1
penis,0.02268323643753926,"[0.012037950567901134, 0.035486310720443726, 0.02052544802427292]",3
ghetto,0.02267750771716237,[0.02267750771716237],1
row,0.02266155555844307,"[0.020783420652151108, 0.02453969046473503]",2
wants,0.022636367939412594,"[0.0055423639714717865, 0.023075811564922333, 0.019479725509881973, 0.04244757071137428]",4
quit,0.022452306002378464,[0.022452306002378464],1
done,0.02239659521728754,[0.02239659521728754],1
am,0.022377604618668556,"[0.018218765035271645, 0.01891345903277397, 0.02115209586918354, 0.020325258374214172, 0.0390651673078537, 0.01659088209271431]",6
surprised,0.022334709763526917,[0.022334709763526917],1
jay,0.02233237400650978,[0.02233237400650978],1
b*tchs,0.02232914138585329,[0.02232914138585329],1
"country,”",0.022301938384771347,[0.022301938384771347],1
dick,0.022285478905989572,"[0.05517857242375612, 0.02254778891801834, 0.03986508585512638, 0.01286296546459198, 0.008771181106567383, 0.008919807150959969, 0.02410430833697319, 0.013165113516151905, 0.020620306953787804, 0.021718615666031837, 0.018685167655348778, 0.019127558916807175, 0.02414475381374359]",13
bother,0.022237669676542282,[0.022237669676542282],1
expecting,0.022212374955415726,[0.022212374955415726],1
back,0.02210706938058138,"[0.021912813186645508, 0.02230132557451725]",2
shown,0.022106116637587547,[0.022106116637587547],1
too,0.022074729204177856,"[0.029525840654969215, 0.014623617753386497]",2
pac,0.022015522234141827,[0.022015522234141827],1
october,0.021995967254042625,[0.021995967254042625],1
against,0.02198619768023491,[0.02198619768023491],1
around,0.0219417754560709,[0.0219417754560709],1
lucifer,0.021903753746300936,[0.021903753746300936],1
whatever,0.02185607049614191,[0.02185607049614191],1
pathetic,0.02178328111767769,[0.02178328111767769],1
publicity,0.021761519834399223,[0.021761519834399223],1
"balls,”",0.021730096079409122,[0.021730096079409122],1
miranda,0.021716521121561527,[0.021716521121561527],1
comics,0.02161002904176712,[0.02161002904176712],1
is,0.021505371002214297,"[0.019592802971601486, 0.02711625024676323, 0.02140580117702484, 0.017690809443593025, 0.01615314558148384, 0.015286030247807503, 0.007839190773665905, 0.016267869621515274, 0.06229467689990997, 0.012027728371322155, 0.01852603629231453, 0.01654558628797531, 0.01120435819029808, 0.016630103811621666, 0.0633087195456028, 0.023148197680711746, 0.021513810381293297, 0.023066336289048195, 0.013951199129223824, 0.014484165236353874, 0.013559972867369652]",21
smith,0.02136845700442791,[0.02136845700442791],1
mother,0.02134931366890669,"[0.020741455256938934, 0.021957172080874443]",2
blast,0.021299908868968487,[0.021299908868968487],1
writer,0.021260995417833328,[0.021260995417833328],1
someone,0.021200306061655284,"[0.021119192708283663, 0.010246706195175648, 0.012889993377029896, 0.011420754715800285, 0.05032488331198692]",5
probably,0.021194325139125187,"[0.021303674206137657, 0.024625662714242935, 0.017653638496994972]",3
better,0.02113411668688059,"[0.025999018922448158, 0.01626921445131302]",2
response,0.02106743212789297,"[0.017032422125339508, 0.025102442130446434]",2
/,0.02105715498328209,[0.02105715498328209],1
cut,0.02105068415403366,[0.02105068415403366],1
an,0.020981875913483754,"[0.02931288443505764, 0.015298580750823021, 0.01626831851899624, 0.016414588317275047, 0.028467506170272827, 0.01339300163090229, 0.027718251571059227]",7
has,0.02089293710887432,"[0.05562629550695419, 0.011998442932963371, 0.016741426661610603, 0.010996049270033836, 0.0091024711728096]",5
bellies,0.020830605179071426,[0.020830605179071426],1
puffy,0.02080664038658142,[0.02080664038658142],1
flexing,0.02079799957573414,[0.02079799957573414],1
shut,0.020777863217517734,"[0.049983046017587185, 0.013806760311126709, 0.010522040538489819, 0.008799606002867222]",4
chained,0.02074931561946869,[0.02074931561946869],1
n*gers,0.020745215006172657,[0.020745215006172657],1
him,0.02070938879624009,"[0.00840686820447445, 0.036209579557180405, 0.01968240551650524, 0.03010362945497036, 0.009380442090332508, 0.023637915961444378, 0.02291601523756981, 0.016911890357732773, 0.011482256464660168, 0.028362885117530823]",10
start,0.02057740092277527,[0.02057740092277527],1
betrayed,0.02053561620414257,[0.02053561620414257],1
dumb,0.02052166871726513,"[0.017510246485471725, 0.023533090949058533]",2
sj,0.02049669623374939,[0.02049669623374939],1
ass,0.020473812599308215,"[0.009651925414800644, 0.008304042741656303, 0.021612044423818588, 0.03258947283029556, 0.01006295345723629, 0.020276954397559166, 0.017482295632362366, 0.036415569484233856, 0.017594944685697556, 0.01215773168951273, 0.006588903721421957, 0.058436937630176544, 0.014985787682235241]",13
burrow,0.020442258566617966,[0.020442258566617966],1
balls,0.020439540967345238,[0.020439540967345238],1
bow,0.020386308431625366,[0.020386308431625366],1
say,0.020377149456180632,"[0.028166726231575012, 0.02225765585899353, 0.010893946513533592, 0.02260798215866089, 0.020726081915199757, 0.011438936926424503, 0.010854159481823444, 0.03607170656323433]",8
dirty,0.02030123258009553,"[0.025270305573940277, 0.015332159586250782]",2
are,0.020225879037752748,"[0.008783476427197456, 0.00981965847313404, 0.03593292459845543, 0.04181855916976929, 0.026503225788474083, 0.017838146537542343, 0.011887903325259686, 0.019889377057552338, 0.03603415936231613, 0.011627864092588425, 0.01434660516679287, 0.008228648453950882]",12
fired,0.020129261538386345,[0.020129261538386345],1
whispers,0.020072870887815952,[0.020072870887815952],1
when,0.020004603002841275,"[0.011974283494055271, 0.013740395195782185, 0.025438642129302025, 0.052817583084106445, 0.02368256449699402, 0.022882726043462753, 0.009533427655696869, 0.018485920503735542, 0.017007950693368912, 0.00801117718219757, 0.025203129276633263, 0.011277436278760433]",12
fo,0.020003581419587135,[0.020003581419587135],1
god,0.019978071097284555,"[0.03975313529372215, 0.030302682891488075, 0.010717024095356464, 0.008559828624129295, 0.01207861490547657, 0.018457140773534775]",6
sack,0.019897284917533398,[0.019897284917533398],1
room,0.01978513039648533,[0.01978513039648533],1
place,0.019772464409470558,[0.019772464409470558],1
try,0.019703995436429977,[0.019703995436429977],1
cyber,0.019698772579431534,[0.019698772579431534],1
shitty,0.019672203809022903,[0.019672203809022903],1
guess,0.019613683223724365,[0.019613683223724365],1
anal,0.019503623247146606,[0.019503623247146606],1
these,0.01948495674878359,"[0.02067045494914055, 0.018299458548426628]",2
how,0.01947683228978089,"[0.017094606533646584, 0.023921102285385132, 0.030235182493925095, 0.015576822683215141, 0.021303923800587654, 0.012503467500209808, 0.01570272073149681]",7
feel,0.019420472905039787,[0.019420472905039787],1
even,0.01936236210167408,"[0.020127523690462112, 0.029945898801088333, 0.021687183529138565, 0.005688842386007309]",4
fucked,0.019357427768409253,"[0.011624547652900219, 0.010985592380166054, 0.021702924743294716, 0.019209589809179306, 0.033264484256505966]",5
right,0.019305511377751827,"[0.014346571639180183, 0.02426445111632347]",2
death,0.01927385851740837,[0.01927385851740837],1
during,0.0191248944029212,"[0.018805818632245064, 0.019443970173597336]",2
nobody,0.01906467415392399,"[0.019319824874401093, 0.018809523433446884]",2
nm,0.019057568162679672,[0.019057568162679672],1
gate,0.019024869427084923,[0.019024869427084923],1
still,0.019012579694390297,[0.019012579694390297],1
ladies,0.018996644765138626,[0.018996644765138626],1
leave,0.018936866894364357,[0.018936866894364357],1
be,0.018852473671237626,"[0.008470112457871437, 0.026897231116890907, 0.017865892499685287, 0.03175067901611328, 0.00784655474126339, 0.011765100061893463, 0.016669338569045067, 0.027166148647665977, 0.02976827323436737, 0.04673593118786812, 0.0057905204594135284, 0.025812586769461632, 0.010881323367357254, 0.007363509386777878, 0.008003903552889824]",15
—,0.018781762570142746,[0.018781762570142746],1
give,0.018767404253594577,"[0.011040790472179651, 0.010074133984744549, 0.01182151772081852, 0.04296109080314636, 0.02692999318242073, 0.005192351993173361, 0.02865438163280487, 0.013464974239468575]",8
girlfriend,0.01876451028510928,"[0.022239062935113907, 0.015289957635104656]",2
good,0.018732134136371315,"[0.006872354540973902, 0.023326026275753975, 0.02998146042227745, 0.014748695306479931]",4
does,0.018699435517191887,[0.018699435517191887],1
picture,0.018690835684537888,"[0.009527446702122688, 0.027854224666953087]",2
some,0.01859956458210945,"[0.008623728528618813, 0.04531773924827576, 0.012792112305760384, 0.013421891257166862, 0.012842351570725441]",5
dickbag,0.0185227794572711,[0.0185227794572711],1
almost,0.018483154475688934,"[0.01751239039003849, 0.01945391856133938]",2
walked,0.018467823043465614,[0.018467823043465614],1
was,0.018457516300259158,"[0.010453109629452229, 0.004192657303065062, 0.00791049562394619, 0.010234971530735493, 0.023076772689819336, 0.024265335872769356, 0.02292763628065586, 0.022583704441785812, 0.006366910878568888, 0.01916545443236828, 0.013002890162169933, 0.005112402606755495, 0.013367575593292713, 0.007880589924752712, 0.013743601739406586, 0.09103615209460258]",16
arrest,0.01845634914934635,[0.01845634914934635],1
wrong,0.018452854827046394,[0.018452854827046394],1
people,0.018407755198755434,"[0.007048486731946468, 0.038739632815122604, 0.02834460139274597, 0.01918107271194458, 0.015509476885199547, 0.00657097389921546, 0.013460041955113411]",7
once,0.018400439992547035,[0.018400439992547035],1
harder,0.018350228667259216,[0.018350228667259216],1
taught,0.018341105431318283,[0.018341105431318283],1
appeared,0.01833200827240944,[0.01833200827240944],1
knowing,0.01828685775399208,[0.01828685775399208],1
dare,0.018274251371622086,"[0.016053110361099243, 0.020495392382144928]",2
ugly,0.018269081600010395,"[0.017477741464972496, 0.019060421735048294]",2
bet,0.01825213059782982,[0.01825213059782982],1
great,0.01825031265616417,[0.01825031265616417],1
bully”,0.018210059963166714,[0.018210059963166714],1
get,0.018189708818681538,"[0.007881272584199905, 0.01210543978959322, 0.005746739450842142, 0.010187724605202675, 0.04876270331442356, 0.015398469753563404, 0.01351400651037693, 0.021733161062002182, 0.013257456012070179, 0.0282839834690094, 0.030630121007561684, 0.010775428265333176]",12
retard,0.018175717443227768,[0.018175717443227768],1
peep,0.01817221660166979,[0.01817221660166979],1
like,0.018168684095144272,"[0.007889939472079277, 0.06154653895646334, 0.010306100361049175, 0.023679029196500778, 0.01403238158673048, 0.014544953592121601, 0.011045967228710651, 0.01722647249698639, 0.028697069734334946, 0.01823260635137558, 0.009085009805858135, 0.01567404717206955, 0.008890166878700256, 0.01351129449903965]",14
"dick,”",0.018134100828319788,"[0.017757502384483814, 0.01851069927215576]",2
stunt,0.01808369904756546,[0.01808369904756546],1
while,0.018082296941429377,"[0.00764094153419137, 0.028110042214393616, 0.009110323619097471, 0.02746788039803505]",4
liked,0.018078841269016266,[0.018078841269016266],1
screaming,0.01806533709168434,[0.01806533709168434],1
knock,0.018006522208452225,[0.018006522208452225],1
scene,0.01799043733626604,[0.01799043733626604],1
privileged,0.017950240522623062,[0.017950240522623062],1
takes,0.017894718796014786,[0.017894718796014786],1
ok,0.017738716676831245,[0.017738716676831245],1
reportedly,0.017734263092279434,[0.017734263092279434],1
music,0.017733782529830933,[0.017733782529830933],1
racist…,0.017732756212353706,[0.017732756212353706],1
allow,0.017732087522745132,[0.017732087522745132],1
up,0.017729594638305052,"[0.047449816949665546, 0.012269076891243458, 0.012271925806999207, 0.02037745714187622, 0.014110438525676727, 0.010308491066098213, 0.007319956086575985]",7
read,0.017713553893069427,"[0.0218915157020092, 0.018631746992468834, 0.012617398984730244]",3
more,0.017705259534219902,"[0.023121295496821404, 0.013963249512016773, 0.016031233593821526]",3
were,0.017692947760224342,[0.017692947760224342],1
out,0.017690202267840505,"[0.010040175169706345, 0.013452297076582909, 0.03450281172990799, 0.01295399945229292, 0.024078767746686935, 0.0245983749628067, 0.007279852870851755, 0.005624512210488319, 0.03870426118373871, 0.0056669702753424644]",10
change,0.017666971310973167,[0.017666971310973167],1
one,0.01762381331063807,"[0.012738632969558239, 0.012453332543373108, 0.01738063618540764, 0.02953663468360901, 0.018807366490364075, 0.007698459085077047, 0.013016261160373688, 0.042658764868974686, 0.0050715114921331406, 0.01687653362751007]",10
about,0.01761866839263927,"[0.010665496811270714, 0.012071539647877216, 0.01047029159963131, 0.06856742966920137, 0.008707520551979542, 0.00999029166996479, 0.011698240414261818, 0.023052316159009933, 0.02006390690803528, 0.011528941802680492, 0.006989377085119486]",11
we,0.017604649998247623,"[0.023302191868424416, 0.017517948523163795, 0.01199380960315466]",3
gay,0.01759640872478485,"[0.023755250498652458, 0.011437566950917244]",2
mine,0.017584040760993958,[0.017584040760993958],1
offensive,0.01757777901366353,[0.01757777901366353],1
being,0.017521244163314503,"[0.016914257779717445, 0.020535407587885857, 0.025662535801529884, 0.012726029381155968, 0.02039789780974388, 0.008891336619853973]",6
front,0.017517264932394028,[0.017517264932394028],1
break,0.017453283071517944,[0.017453283071517944],1
celebrity,0.01743419375270605,[0.01743419375270605],1
gone,0.017384805716574192,[0.017384805716574192],1
warrant,0.01732799969613552,[0.01732799969613552],1
guy,0.01728771310299635,"[0.015879426151514053, 0.01809730753302574, 0.0287075936794281, 0.010824636556208134, 0.012929601594805717]",5
mad/she,0.017279483377933502,[0.017279483377933502],1
care,0.017265161382965744,"[0.02606073021888733, 0.008469592547044158]",2
r,0.01724737665305535,"[0.015287729911506176, 0.02824212610721588, 0.008212273940443993]",3
hates,0.01721060276031494,[0.01721060276031494],1
or,0.01720208542731901,"[0.013040786609053612, 0.011905417777597904, 0.011422651819884777, 0.0514092855155468, 0.00933813862502575, 0.00609623221680522]",6
fame;”,0.017115899361670017,[0.017115899361670017],1
men”,0.017062908969819546,[0.017062908969819546],1
grab,0.017045624554157257,[0.017045624554157257],1
boyfriend,0.017019066493958235,"[0.028257325291633606, 0.005780807696282864]",2
cannot,0.017013255041092634,"[0.019236973486840725, 0.014789536595344543]",2
song,0.01698663830757141,[0.01698663830757141],1
looked,0.016953079029917717,[0.016953079029917717],1
referring,0.01693621277809143,[0.01693621277809143],1
monroe,0.01693499181419611,[0.01693499181419611],1
pay,0.016918640583753586,[0.016918640583753586],1
actor,0.016908299177885056,[0.016908299177885056],1
stand,0.01689840294420719,[0.01689840294420719],1
person,0.016882704570889473,[0.016882704570889473],1
talk,0.016811640933156013,"[0.020675528794527054, 0.019754905253648758, 0.010004488751292229]",3
inside,0.016805734485387802,[0.016805734485387802],1
records,0.016799310222268105,[0.016799310222268105],1
can,0.016747467323309846,"[0.008210869506001472, 0.020091181620955467, 0.009767724201083183, 0.02479540929198265, 0.01353881973773241, 0.01342957653105259, 0.042971327900886536, 0.008786709979176521, 0.009135587140917778]",9
stupid,0.016735404419402283,"[0.010976027697324753, 0.011771516874432564, 0.011502763256430626, 0.02033565565943718, 0.02779207192361355, 0.01803439110517502]",6
beating,0.016718730330467224,[0.016718730330467224],1
thinking,0.016717152670025826,[0.016717152670025826],1
women,0.01671456832749148,"[0.0076289912685751915, 0.007760549895465374, 0.023337208200246096, 0.03322084993124008, 0.010881753638386726, 0.017458057031035423]",6
write,0.016710972413420677,[0.016710972413420677],1
any,0.016677215695381165,"[0.012582768686115742, 0.017041031271219254, 0.01424033660441637, 0.022081784904003143, 0.017440157011151314]",5
seat,0.016643144190311432,[0.016643144190311432],1
country,0.016625912860035896,[0.016625912860035896],1
wish,0.016602909192442894,[0.016602909192442894],1
would,0.016502119999911104,"[0.019772907719016075, 0.031514972448349, 0.020824259147047997, 0.011789192445576191, 0.006754984147846699, 0.01498566847294569, 0.009872855618596077]",7
asshole,0.016491794493049383,"[0.008405285887420177, 0.02457830309867859]",2
your,0.01649137301525722,"[0.035878971219062805, 0.022321585565805435, 0.014311845414340496, 0.00890064425766468, 0.029190978035330772, 0.0249764546751976, 0.009796117432415485, 0.030521610751748085, 0.017414096742868423, 0.014493891969323158, 0.010125527158379555, 0.0065271733328700066, 0.01594611071050167, 0.020223183557391167, 0.015431074425578117, 0.007986508309841156, 0.025095608085393906, 0.03027362748980522, 0.010807206854224205, 0.01855839416384697, 0.01726830005645752, 0.014515313319861889, 0.013093583285808563, 0.0033147551584988832, 0.024652712047100067, 0.011484246701002121, 0.008628063835203648, 0.013197386637330055, 0.012025890871882439, 0.007780328392982483]",30
now?”,0.016474124044179916,[0.016474124044179916],1
kb,0.0164438602514565,[0.0164438602514565],1
neck,0.01635195128619671,[0.01635195128619671],1
sick,0.016308505088090897,[0.016308505088090897],1
have,0.016293074290912885,"[0.016881851479411125, 0.017941070720553398, 0.007112263701856136, 0.019333772361278534, 0.010722356848418713, 0.02297145128250122, 0.012516210786998272, 0.01586104929447174, 0.02093859389424324, 0.013994628563523293, 0.012421371415257454, 0.026428425684571266, 0.014686919748783112]",13
endorsement,0.016292057931423187,[0.016292057931423187],1
message,0.01627393066883087,[0.01627393066883087],1
goes,0.016269171610474586,[0.016269171610474586],1
man,0.016249235719442368,[0.016249235719442368],1
buying,0.016206732019782066,[0.016206732019782066],1
filming,0.01620391383767128,[0.01620391383767128],1
my,0.016185052260490402,"[0.007923373021185398, 0.049260981380939484, 0.015585796907544136, 0.01239883154630661, 0.008203795179724693, 0.0300535149872303, 0.010219058021903038, 0.019914623349905014, 0.010213589295744896, 0.0077050491236150265, 0.01710517704486847, 0.013520936481654644, 0.012391366064548492, 0.012094639241695404]",14
sex,0.016150444746017456,[0.016150444746017456],1
who,0.0160882984554129,"[0.0561499185860157, 0.00855243019759655, 0.011785515584051609, 0.017448777332901955, 0.013006536290049553, 0.008839850313961506, 0.01325041614472866, 0.013509574346244335, 0.022850248962640762, 0.014459648169577122, 0.008457912132143974, 0.010496789589524269, 0.012201555073261261, 0.014227005653083324]",14
believe,0.016067026183009148,[0.016067026183009148],1
where,0.016041575465351343,"[0.019016223028302193, 0.013066927902400494]",2
something,0.016034143045544624,[0.016034143045544624],1
course,0.016025278717279434,[0.016025278717279434],1
lot,0.016005609184503555,[0.016005609184503555],1
getting,0.015926481845478218,"[0.0068621328100562096, 0.024542417377233505, 0.019640926271677017, 0.01914963498711586, 0.013192741200327873, 0.012171038426458836]",6
purchased,0.015922900289297104,[0.015922900289297104],1
sit,0.015897071609894436,"[0.01964309625327587, 0.016141634434461594, 0.011906484141945839]",3
anyone,0.015884406864643097,[0.015884406864643097],1
love,0.015780479833483695,"[0.011364659294486046, 0.012752952985465527, 0.014135628938674927, 0.027024948969483376, 0.013624208979308605]",5
her,0.015716891270130873,"[0.008194133639335632, 0.01327534019947052, 0.012110625393688679, 0.01741621643304825, 0.015435430221259594, 0.036715053021907806, 0.014926867559552193, 0.012897205539047718, 0.008298726752400398, 0.00818241760134697, 0.011563957668840885, 0.0056189196184277534, 0.02856767736375332, 0.026833906769752502]",14
american,0.0157130379229784,[0.0157130379229784],1
disabled,0.015659283846616745,[0.015659283846616745],1
verbally,0.015653671696782112,[0.015653671696782112],1
need,0.015561318956315517,"[0.021315623074769974, 0.009807014837861061]",2
got,0.01550068793585524,"[0.006079716142266989, 0.0054074740037322044, 0.018299996852874756, 0.014958065934479237, 0.01175391860306263, 0.03032083809375763, 0.01800171285867691, 0.019183780997991562]",8
protesting,0.015489962883293629,[0.015489962883293629],1
thomas,0.015371991321444511,[0.015371991321444511],1
pressure,0.015308588743209839,[0.015308588743209839],1
there,0.015291111543774605,"[0.01068385224789381, 0.0198983708396554]",2
play,0.015288138762116432,[0.015288138762116432],1
down,0.015277783037163317,"[0.021874655038118362, 0.01233581267297268, 0.01931761857122183, 0.007583045866340399]",4
his,0.01526780191084577,"[0.02778353914618492, 0.006989174522459507, 0.008320138789713383, 0.006040492560714483, 0.015269334428012371, 0.00877268798649311, 0.01149824820458889, 0.021200012415647507, 0.015457957983016968, 0.013631565496325493, 0.05116390064358711, 0.00798073224723339, 0.012471918947994709, 0.026627833023667336, 0.006368432193994522, 0.01604444347321987, 0.0074354978278279305, 0.01176452450454235]",18
disrespect,0.015236998908221722,[0.015236998908221722],1
says,0.015206975862383842,"[0.014552464708685875, 0.01586148701608181]",2
by,0.015063214348629117,"[0.00830768421292305, 0.027169261127710342, 0.012426781468093395, 0.006640724837779999, 0.04019064689055085, 0.008508593775331974, 0.0064876689575612545, 0.01077435351908207]",8
keep,0.015050976071506739,"[0.012411565519869328, 0.01769038662314415]",2
will,0.015046979965908187,"[0.01962106302380562, 0.011387800797820091, 0.01616813801229, 0.01348344050347805, 0.024160418659448624, 0.01057569868862629, 0.009932300075888634]",7
chris,0.015042918734252453,[0.015042918734252453],1
such,0.015035181927184263,"[0.016745666041970253, 0.013098997063934803, 0.015260882675647736]",3
berating,0.015031247399747372,[0.015031247399747372],1
door,0.015021352097392082,[0.015021352097392082],1
cock,0.01501504611223936,"[0.013374125584959984, 0.016655966639518738]",2
sound,0.015005066990852356,[0.015005066990852356],1
sits,0.01499785715714097,[0.01499785715714097],1
exhorts,0.014994760043919086,[0.014994760043919086],1
neighbors,0.01498693274334073,[0.01498693274334073],1
tell,0.014910194091498852,"[0.012720568105578423, 0.010203162208199501, 0.008230281062424183, 0.023987947031855583, 0.01940901204943657]",5
leader,0.014879828318953514,[0.014879828318953514],1
wanna,0.014803399331867695,"[0.009511645883321762, 0.020095152780413628]",2
bad,0.014730558730661869,"[0.012630240991711617, 0.01683087646961212]",2
as,0.014662554177145163,"[0.007364080287516117, 0.029787851497530937, 0.011913171969354153, 0.015377518720924854, 0.025158459320664406, 0.009775785729289055, 0.008434304967522621, 0.011242810636758804, 0.012909004464745522]",9
concerned,0.014632781967520714,[0.014632781967520714],1
lay,0.014628268778324127,[0.014628268778324127],1
tries,0.01462465524673462,[0.01462465524673462],1
girls,0.014611263759434223,"[0.021274808794260025, 0.011726265773177147, 0.010832716710865498]",3
knows,0.014585964381694794,[0.014585964381694794],1
cum,0.014564163982868195,"[0.00760476291179657, 0.02152356505393982]",2
son,0.014522549696266651,"[0.01106936763972044, 0.018918689340353012, 0.02152533270418644, 0.011745664291083813, 0.009353694505989552]",5
could,0.01449047401547432,"[0.01652328297495842, 0.013416588306427002, 0.013531550765037537]",3
n,0.014488057543834051,"[0.016983378678560257, 0.014442363753914833, 0.012038430199027061]",3
athletic,0.014486112631857395,[0.014486112631857395],1
twitter,0.014482282102108002,"[0.010268745012581348, 0.011492053046822548, 0.02168604824692011]",3
feeti,0.014448916539549828,[0.014448916539549828],1
face,0.014419936016201973,"[0.012527820654213428, 0.014551755972206593, 0.020423326641321182, 0.012278532609343529, 0.012318244203925133]",5
pulled,0.014417206402868032,"[0.022937536239624023, 0.0058968765661120415]",2
dog,0.014354066923260689,[0.014354066923260689],1
nasty,0.014347083866596222,[0.014347083866596222],1
comes,0.014288465492427349,"[0.00959678553044796, 0.01898014545440674]",2
smell,0.014256373047828674,[0.014256373047828674],1
speculate,0.014252886641770601,[0.014252886641770601],1
statements,0.014249342493712902,[0.014249342493712902],1
took,0.014234378933906555,"[0.008591629564762115, 0.019877128303050995]",2
new,0.014232618268579245,"[0.01172520313411951, 0.01674003340303898]",2
had,0.014230104939391216,"[0.023522241041064262, 0.013675099238753319, 0.005492974538356066]",3
jessica…,0.014210257679224014,[0.014210257679224014],1
much,0.014134905766695738,"[0.018991243094205856, 0.00927856843918562]",2
dicks,0.01400026585906744,[0.01400026585906744],1
did,0.013990799896419048,"[0.01628832519054413, 0.011693274602293968]",2
mom,0.01397875975817442,[0.01397875975817442],1
featured,0.013963227160274982,[0.013963227160274982],1
ignorant,0.01387065090239048,[0.01387065090239048],1
thrown,0.013834339566528797,[0.013834339566528797],1
album,0.013774996623396873,[0.013774996623396873],1
…,0.013752318918704987,[0.013752318918704987],1
hearing,0.013660122640430927,[0.013660122640430927],1
spot,0.013653295114636421,[0.013653295114636421],1
requests,0.01365256030112505,[0.01365256030112505],1
–,0.013646051187866501,"[0.009979510679841042, 0.04357679933309555, 0.004762141965329647, 0.0034678366500884295, 0.012701435014605522, 0.012692992575466633, 0.00834164209663868]",7
community,0.013629712164402008,[0.013629712164402008],1
said,0.013611300382763147,"[0.018886277452111244, 0.008517740294337273, 0.014933536294847727, 0.012107647489756346]",4
show,0.013577772304415703,[0.013577772304415703],1
milk,0.013577292673289776,[0.013577292673289776],1
city,0.013558672741055489,[0.013558672741055489],1
rose,0.013551282696425915,[0.013551282696425915],1
begins,0.01354777067899704,[0.01354777067899704],1
exposure,0.013505756389349699,[0.013505756389349699],1
useless,0.01343635655939579,[0.01343635655939579],1
away,0.013435624539852142,[0.013435624539852142],1
went,0.013414221350103617,"[0.01449428778141737, 0.012334154918789864]",2
kid,0.013309935107827187,[0.013309935107827187],1
joke,0.013252933509647846,[0.013252933509647846],1
turn,0.01322569022886455,"[0.006897741463035345, 0.019553638994693756]",2
terrible,0.013191768899559975,[0.013191768899559975],1
hand,0.01317645888775587,[0.01317645888775587],1
second,0.013153685256838799,[0.013153685256838799],1
camera,0.013098441995680332,"[0.012655667960643768, 0.020877782255411148, 0.00576187577098608]",3
yelled,0.013073940761387348,[0.013073940761387348],1
brilliant,0.013056738302111626,[0.013056738302111626],1
flying,0.01300261914730072,[0.01300261914730072],1
talking,0.012960327478746573,"[0.008289854973554611, 0.015727559104561806, 0.014863568358123302]",3
sticks,0.012937408871948719,[0.012937408871948719],1
nice,0.012930406257510185,[0.012930406257510185],1
talked,0.012773525901138783,[0.012773525901138783],1
keeps,0.012771990150213242,"[0.014522525481879711, 0.011021454818546772]",2
replacing,0.012693129479885101,[0.012693129479885101],1
respect,0.012682517990469933,[0.012682517990469933],1
implies,0.012667211703956127,[0.012667211703956127],1
servant,0.012649701908230782,[0.012649701908230782],1
kids,0.01263101794756949,"[0.019191954284906387, 0.011339584365487099, 0.009174076840281487, 0.010818456299602985]",4
department,0.012610231526196003,"[0.006568359676748514, 0.018652103375643492]",2
see,0.012602159132560095,"[0.0068599022924900055, 0.0196361243724823, 0.011310450732707977]",3
till,0.012592151761054993,[0.012592151761054993],1
involve,0.012579793110489845,[0.012579793110489845],1
window,0.012575799599289894,[0.012575799599289894],1
fast,0.012561226263642311,[0.012561226263642311],1
health,0.012550224317237735,[0.012550224317237735],1
just,0.01251980975004179,"[0.007695180829614401, 0.014889607205986977, 0.013703061267733574, 0.007039441727101803, 0.011318856850266457, 0.017980892211198807, 0.015011628158390522]",7
candid,0.012468538247048855,[0.012468538247048855],1
found,0.012432382442057133,[0.012432382442057133],1
ur,0.012430849019438028,"[0.016908060759305954, 0.011704583652317524, 0.011360670439898968, 0.009750081226229668]",4
former,0.012421248480677605,"[0.004939600825309753, 0.019902896136045456]",2
called,0.012412395727421557,"[0.008972040377557278, 0.03478780761361122, 0.009574112482368946, 0.007744946982711554, 0.011843699961900711, 0.005858955439180136, 0.008105207234621048]",7
into,0.012343371286988258,"[0.016868535429239273, 0.007428501732647419, 0.012733076699078083]",3
tells,0.012295108288526535,[0.012295108288526535],1
asian,0.012288559228181839,[0.012288559228181839],1
jump,0.012258684262633324,[0.012258684262633324],1
thing,0.012254712171852589,[0.012254712171852589],1
recorded,0.01222170889377594,"[0.0045907162129879, 0.01985270157456398]",2
,0.01222019427223131,"[0.00912962295114994, 0.026815161108970642, 0.009497499093413353, 0.006719495169818401, 0.010698742233216763, 0.012054757215082645, 0.006657554302364588, 0.016188722103834152]",8
appears,0.012144785374403,[0.012144785374403],1
miserable,0.012103728950023651,[0.012103728950023651],1
ask,0.012080438435077667,[0.012080438435077667],1
always,0.01206442341208458,"[0.008407020941376686, 0.014251594431698322, 0.01353465486317873]",3
secret,0.01201949268579483,[0.01201949268579483],1
massive,0.01200555544346571,[0.01200555544346571],1
insert,0.011993669904768467,[0.011993669904768467],1
me…,0.011971247382462025,[0.011971247382462025],1
hate,0.011970355408266187,"[0.009210717864334583, 0.01472999295219779]",2
plane,0.011953318491578102,[0.011953318491578102],1
worked,0.011933354660868645,[0.011933354660868645],1
stated,0.011767668649554253,"[0.013920331373810768, 0.006389138288795948, 0.014993536286056042]",3
fit,0.011756854131817818,[0.011756854131817818],1
porn,0.011714162304997444,[0.011714162304997444],1
us,0.011651440523564816,[0.011651440523564816],1
four,0.011641533114016056,[0.011641533114016056],1
actual,0.011623915284872055,[0.011623915284872055],1
truth,0.011605897918343544,[0.011605897918343544],1
body,0.011567611712962389,"[0.00500995758920908, 0.018125265836715698]",2
obama,0.011555401608347893,[0.011555401608347893],1
needs,0.011551101692020893,"[0.012333493679761887, 0.0107687097042799]",2
tool,0.011525368317961693,[0.011525368317961693],1
ufc,0.0114790890365839,[0.0114790890365839],1
president,0.011446950025856495,"[0.013174881227314472, 0.009719018824398518]",2
finger,0.011441627517342567,[0.011441627517342567],1
wait,0.011412800289690495,[0.011412800289690495],1
responded,0.011397547088563442,[0.011397547088563442],1
told,0.01137963030487299,"[0.011343182064592838, 0.011416078545153141]",2
system,0.011355278082191944,[0.011355278082191944],1
meaning,0.011344196274876595,[0.011344196274876595],1
captured,0.01131480373442173,[0.01131480373442173],1
never,0.0113069131039083,"[0.013346279971301556, 0.009267546236515045]",2
ten,0.011276214383542538,[0.011276214383542538],1
used,0.0112486663274467,"[0.01575869508087635, 0.006738637574017048]",2
credit,0.011216803453862667,[0.011216803453862667],1
men,0.011209592455998063,"[0.007265759166330099, 0.015153425745666027]",2
them,0.011204705806449056,"[0.006563669536262751, 0.01584574207663536]",2
accused,0.011196611449122429,[0.011196611449122429],1
watching,0.011141482119758924,"[0.010666847229003906, 0.010009471327066422, 0.012748127803206444]",3
over,0.011140239890664816,"[0.011779667809605598, 0.010500811971724033]",2
muslim,0.0111222043633461,[0.0111222043633461],1
crew,0.01105344295501709,[0.01105344295501709],1
friends,0.011049669235944748,"[0.011479301378130913, 0.00967879593372345, 0.011990910395979881]",3
opened,0.011021344922482967,[0.011021344922482967],1
none,0.011019458994269371,[0.011019458994269371],1
drink,0.011017430573701859,[0.011017430573701859],1
impress,0.010905950330197811,[0.010905950330197811],1
piece,0.010903443675488234,"[0.007924257777631283, 0.009728978388011456, 0.0103526059538126, 0.00980421807616949, 0.012471362017095089, 0.015139239840209484]",6
sexy,0.01086535258218646,"[0.009069939143955708, 0.012660766020417213]",2
stupid”,0.010725254658609629,[0.010725254658609629],1
father,0.010714705102145672,[0.010714705102145672],1
started,0.010705845430493355,"[0.009512069635093212, 0.011899621225893497]",2
kind,0.010703000240027905,[0.010703000240027905],1
phrase,0.010679944418370724,[0.010679944418370724],1
days,0.010634135454893112,[0.010634135454893112],1
home,0.010594313964247704,[0.010594313964247704],1
text,0.010542156174778938,[0.010542156174778938],1
ever,0.010531025938689709,[0.010531025938689709],1
indian,0.010485084727406502,[0.010485084727406502],1
our,0.010466302861459553,"[0.012384174391627312, 0.008548431331291795]",2
their,0.010461793560534716,"[0.006937119178473949, 0.008809252642095089, 0.013112166430801153, 0.010648493655025959, 0.012801935896277428]",5
placed,0.010450229048728943,[0.010450229048728943],1
waiting,0.0104024987667799,[0.0104024987667799],1
life,0.010396591387689114,[0.010396591387689114],1
southern,0.010337662883102894,[0.010337662883102894],1
line,0.010329452343285084,"[0.011728943325579166, 0.008929961360991001]",2
click,0.010311895981431007,[0.010311895981431007],1
gave,0.01025314163416624,[0.01025314163416624],1
brought,0.010237982496619225,[0.010237982496619225],1
standing,0.010210223495960236,[0.010210223495960236],1
crazy,0.01017075963318348,[0.01017075963318348],1
bob,0.01012879516929388,[0.01012879516929388],1
tried,0.01009401772171259,[0.01009401772171259],1
point,0.010085958056151867,"[0.0071246870793402195, 0.013047229032963514]",2
writing,0.010030760895460844,"[0.01083813700824976, 0.009223384782671928]",2
ta,0.009999182540923357,"[0.012098505161702633, 0.007899859920144081]",2
saw,0.009988125180825591,"[0.0074572316370904446, 0.012519018724560738]",2
small,0.009980189613997936,[0.009980189613997936],1
blow,0.009962943848222494,"[0.009145669639110565, 0.010780218057334423]",2
threatened,0.009959479793906212,[0.009959479793906212],1
put,0.00992985162883997,[0.00992985162883997],1
cried,0.009917243383824825,[0.009917243383824825],1
calling,0.009889868088066578,"[0.004790301900357008, 0.011468315497040749, 0.010649160481989384, 0.007574374321848154, 0.014967188239097595]",5
thinks,0.009829165413975716,[0.009829165413975716],1
item,0.009714113548398018,[0.009714113548398018],1
punk,0.009651471860706806,[0.009651471860706806],1
toe,0.009609068743884563,[0.009609068743884563],1
rights,0.00960496161133051,[0.00960496161133051],1
heard,0.00958783901296556,"[0.006369809154421091, 0.012805868871510029]",2
brains,0.009447462856769562,[0.009447462856769562],1
able,0.009442293085157871,"[0.008273214101791382, 0.01061137206852436]",2
calls,0.009441301226615906,"[0.011720516718924046, 0.007162085734307766]",2
fingers,0.009431990794837475,[0.009431990794837475],1
things,0.009430545071760813,"[0.006911472417414188, 0.011953768320381641, 0.00942639447748661]",3
opinions,0.009419995360076427,[0.009419995360076427],1
sucks,0.009357948787510395,[0.009357948787510395],1
kick,0.009352050721645355,[0.009352050721645355],1
student,0.009326108265668154,"[0.010212630964815617, 0.008439585566520691]",2
blank,0.009277334436774254,[0.009277334436774254],1
butt,0.0092474902048707,[0.0092474902048707],1
report,0.009230446070432663,[0.009230446070432663],1
puts,0.009156209416687489,[0.009156209416687489],1
part,0.009066623635590076,[0.009066623635590076],1
followers,0.009031121619045734,[0.009031121619045734],1
indicating,0.008990448899567127,[0.008990448899567127],1
stick,0.008902201429009438,"[0.00854078121483326, 0.009263621643185616]",2
utterly,0.008886520750820637,[0.008886520750820637],1
drunk,0.00884093064814806,[0.00884093064814806],1
films,0.00880182720720768,[0.00880182720720768],1
backwards,0.008705751970410347,[0.008705751970410347],1
anything,0.008661625906825066,[0.008661625906825066],1
murdered,0.008660642430186272,[0.008660642430186272],1
nation,0.008619188331067562,[0.008619188331067562],1
destroy,0.008616505190730095,[0.008616505190730095],1
dedicated,0.008596261963248253,[0.008596261963248253],1
previously,0.008496364578604698,[0.008496364578604698],1
letter,0.00848438497632742,[0.00848438497632742],1
pictures,0.008470797911286354,[0.008470797911286354],1
treated,0.008339024148881435,[0.008339024148881435],1
experience,0.008317102678120136,[0.008317102678120136],1
rob,0.00823431322351098,[0.00823431322351098],1
send,0.0082059595733881,[0.0082059595733881],1
banned,0.008200079202651978,[0.008200079202651978],1
stop,0.008143901824951172,[0.008143901824951172],1
prominent,0.008008880540728569,[0.008008880540728569],1
white,0.007905080448836088,"[0.0070421090349555016, 0.008768051862716675]",2
hair,0.007869720458984375,[0.007869720458984375],1
lying,0.007865888997912407,[0.007865888997912407],1
actually,0.007819345220923424,"[0.007508198730647564, 0.008130491711199284]",2
seen,0.007797068916261196,"[0.007779884152114391, 0.007814253680408001]",2
wat,0.007707937154918909,[0.007707937154918909],1
best,0.007699118461459875,[0.007699118461459875],1
loose,0.0076959459111094475,[0.0076959459111094475],1
star,0.00769555289298296,[0.00769555289298296],1
realize,0.0076723890379071236,[0.0076723890379071236],1
normal,0.007515291683375835,[0.007515291683375835],1
thin,0.00745802978053689,[0.00745802978053689],1
should,0.007403856609016657,[0.007403856609016657],1
simultaneously,0.007359339855611324,[0.007359339855611324],1
often,0.007230948656797409,[0.007230948656797409],1
ready,0.007230465300381184,[0.007230465300381184],1
europe,0.007155194878578186,[0.007155194878578186],1
house,0.007134168408811092,[0.007134168408811092],1
pulls,0.007031488232314587,[0.007031488232314587],1
either,0.006792389787733555,[0.006792389787733555],1
telling,0.006730393040925264,"[0.007905175909399986, 0.0055556101724505424]",2
growing,0.006726909428834915,[0.006726909428834915],1
pretty,0.006719747092574835,[0.006719747092574835],1
feels,0.006710762390866876,"[0.006265809293836355, 0.007155715487897396]",2
tv,0.006437730975449085,[0.006437730975449085],1
which,0.00643389206379652,[0.00643389206379652],1
move,0.006433662958443165,[0.006433662958443165],1
cam,0.006433109287172556,[0.006433109287172556],1
gain,0.006389588117599487,[0.006389588117599487],1
police,0.006298612104728818,"[0.007094123866409063, 0.0055031003430485725]",2
rap,0.006163811776787043,[0.006163811776787043],1
word,0.0060973577201366425,[0.0060973577201366425],1
peers,0.005741197615861893,[0.005741197615861893],1
columbia,0.005736023187637329,[0.005736023187637329],1
members,0.005641591269522905,[0.005641591269522905],1
champion,0.005147826857864857,[0.005147826857864857],1
recently,0.004472687840461731,[0.004472687840461731],1
